Point,Time,Duration,Speed(mph),Distance(mile),Altitude(feet),Latitude(WGS84),Longitude(WGS84),Latitude(BD09),Longitude(BD09)
1,2019-01-30 16:40:30,00:00:00,0.0,0.0,606.8,41.00916963,-76.44678386,41.01494516038494,-76.44038159972702
2,2019-01-30 16:40:42,00:00:12,1.9237616,0.009822299,551.04,41.00930644,-76.44683573,41.01508218493205,-76.44043334845762
3,2019-01-30 16:40:48,00:00:18,4.0712166,0.02079001,567.44,41.00945795,-76.4468982,41.01523395625677,-76.44049567278093
4,2019-01-30 16:40:57,00:00:27,8.522711,0.03452142,570.72,41.00964784,-76.44686402,41.015423699413844,-76.44046156685593
5,2019-01-30 16:41:01,00:00:31,13.175529,0.045385398,574.0,41.00975007,-76.44671029,41.01552528670727,-76.44030818023661
6,2019-01-30 16:41:04,00:00:34,17.224377,0.058843356,580.56,41.00984196,-76.44648337,41.01561625422605,-76.44008175453524
7,2019-01-30 16:41:06,00:00:36,20.7811,0.07027191,590.4,41.00992627,-76.44629536,41.01569982319401,-76.43989414197809
8,2019-01-30 16:41:08,00:00:38,23.554893,0.08321183,593.68,41.0100245,-76.44608449,41.015797247307475,-76.43968370474795
9,2019-01-30 16:41:10,00:00:40,26.351057,0.097673304,596.96,41.01014718,-76.44586057,41.01591910095696,-76.43946022939592
10,2019-01-30 16:41:11,00:00:41,28.230082,0.11327108,600.24,41.01028944,-76.44562868,41.01606053739586,-76.43922878389836
11,2019-01-30 16:41:14,00:00:44,30.153841,0.12951867,600.24,41.01045895,-76.44541347,41.01622931291047,-76.43901397268753
12,2019-01-30 16:41:16,00:00:46,31.2052,0.14676258,603.52,41.01065301,-76.44520565,41.016422691386744,-76.43880652589542
13,2019-01-30 16:41:18,00:00:48,31.115723,0.1641536,603.52,41.01084973,-76.44499768,41.01661875658667,-76.4385989172625
14,2019-01-30 16:41:20,00:00:50,29.01301,0.1808008,610.08,41.01104419,-76.4448092,41.01681264714003,-76.43841075506651
15,2019-01-30 16:41:22,00:00:52,27.022139,0.19623613,610.08,41.01122064,-76.44462774,41.01698856992693,-76.43822959112656
16,2019-01-30 16:41:23,00:00:53,24.718098,0.21017532,606.8,41.01138572,-76.44447405,41.017153220301466,-76.43807614570949
17,2019-01-30 16:41:26,00:00:56,20.467928,0.22244664,610.08,41.01153544,-76.44434766,41.01730259889301,-76.43794995309841
18,2019-01-30 16:41:29,00:00:59,11.453092,0.23450945,610.08,41.01168286,-76.44422373,41.017449694220296,-76.43782621264975
19,2019-01-30 16:41:58,00:01:28,9.618808,0.24610789,619.92,41.01181051,-76.44412862,41.01757710249542,-76.43773124671002
20,2019-01-30 16:42:01,00:01:31,16.12828,0.258815,619.92,41.01196923,-76.44400551,41.017735518151696,-76.43760831928105
21,2019-01-30 16:42:03,00:01:33,19.819218,0.26960218,623.2,41.01210726,-76.44390886,41.01787331693348,-76.43751181135848
22,2019-01-30 16:42:05,00:01:35,24.561512,0.28907654,626.48,41.01236178,-76.44374793,41.01812746728441,-76.43735111598407
23,2019-01-30 16:42:08,00:01:38,26.6866,0.30388904,629.76,41.01255532,-76.44362548,41.0183207378294,-76.43722884083641
24,2019-01-30 16:42:10,00:01:40,28.028757,0.31968153,633.04,41.01276072,-76.44349247,41.01852585637442,-76.4370960165163
25,2019-01-30 16:42:12,00:01:42,29.28144,0.33593234,636.32,41.01296505,-76.44333791,41.01872987178119,-76.43694166240948
26,2019-01-30 16:42:14,00:01:44,30.824923,0.35278928,642.88,41.01316773,-76.44315793,41.01893220254648,-76.43676190916906
27,2019-01-30 16:42:16,00:01:46,31.361788,0.37044618,646.16,41.01337975,-76.44296884,41.019143878327576,-76.43657304775496
28,2019-01-30 16:42:17,00:01:47,32.86053,0.3797674,649.44,41.01349558,-76.44287709,41.01925955088344,-76.43648140735941
29,2019-01-30 16:42:18,00:01:48,33.486874,0.38912874,652.72,41.01361137,-76.44278377,41.019375186276335,-76.43638819625683
30,2019-01-30 16:42:20,00:01:50,34.359276,0.40796354,652.72,41.01383884,-76.44258461,41.01960234364127,-76.43618925737843
31,2019-01-30 16:42:21,00:01:51,34.87377,0.41789478,652.72,41.01395563,-76.44247358,41.01971896962691,-76.43607834402711
32,2019-01-30 16:42:22,00:01:52,34.829033,0.42753375,656.0,41.01406196,-76.44235399,41.01982512991733,-76.43595887191817
33,2019-01-30 16:42:23,00:01:53,34.5606,0.43711635,656.0,41.01416174,-76.44222648,41.01992473765965,-76.43583148017385
34,2019-01-30 16:42:24,00:01:54,34.73955,0.44687974,659.27997,41.0142522,-76.44208285,41.02001501368685,-76.43568797287048
35,2019-01-30 16:42:25,00:01:55,35.075092,0.45664164,659.27997,41.01433686,-76.44193322,41.02009949489465,-76.43553846172446
36,2019-01-30 16:42:26,00:01:56,35.56722,0.46653944,662.56,41.01441939,-76.44177834,41.0201818541921,-76.43538369609476
37,2019-01-30 16:42:27,00:01:57,35.768543,0.47660547,662.56,41.01450094,-76.44161866,41.02026324369271,-76.43522412513678
38,2019-01-30 16:42:28,00:01:58,36.663315,0.48684233,662.56,41.01458421,-76.44145657,41.02034636733716,-76.43506213748793
39,2019-01-30 16:42:29,00:01:59,36.551468,0.49713477,662.56,41.01466981,-76.44129531,41.02043183857845,-76.43490097149318
40,2019-01-30 16:42:30,00:02:00,37.02122,0.50743896,662.56,41.01475096,-76.44112982,41.020512872778184,-76.43473556767941
41,2019-01-30 16:42:31,00:02:01,37.916,0.52829224,665.83997,41.01492538,-76.44080401,41.02068711736343,-76.43440990479502
42,2019-01-30 16:42:33,00:02:03,37.916,0.5386643,669.12,41.01501113,-76.44064103,41.02077280472665,-76.43424698513404
43,2019-01-30 16:42:34,00:02:04,38.273907,0.5492332,672.4,41.01509759,-76.44047412,41.02085921789246,-76.43408012766724
44,2019-01-30 16:42:35,00:02:05,38.18443,0.55961746,675.68,41.01518461,-76.44031203,41.02094620975335,-76.43391808079072
45,2019-01-30 16:42:36,00:02:06,38.47523,0.57027817,678.96,41.01527444,-76.44014609,41.021036028350835,-76.43375217631302
46,2019-01-30 16:42:38,00:02:08,38.430492,0.59144115,685.52,41.01545219,-76.43981613,41.021213807589056,-76.43342226023375
47,2019-01-30 16:42:39,00:02:09,38.676556,0.61303,692.08,41.01564329,-76.43948909,41.02140500702775,-76.43309523302331
48,2019-01-30 16:42:41,00:02:11,38.85551,0.6237411,695.36,41.01574468,-76.43933392,41.021506469608056,-76.43294006002618
49,2019-01-30 16:42:42,00:02:12,39.21342,0.6347699,695.36,41.01585437,-76.43918045,41.021616247927156,-76.43278658219124
50,2019-01-30 16:42:43,00:02:13,39.83976,0.6457054,695.36,41.01595604,-76.43901996,41.02171802444779,-76.4326260723641
51,2019-01-30 16:42:44,00:02:14,40.331882,0.65694994,695.36,41.01606525,-76.43886029,41.0218273579688,-76.43246637684427
52,2019-01-30 16:42:45,00:02:15,40.712166,0.66829133,698.64,41.01617322,-76.43869669,41.021935470812004,-76.43230274119546
53,2019-01-30 16:42:46,00:02:16,40.555576,0.6795965,698.64,41.01628039,-76.43853309,41.02204280060098,-76.43213909683148
54,2019-01-30 16:42:47,00:02:17,40.42136,0.69071174,698.64,41.01638658,-76.43837318,41.02214916350471,-76.43197913571477
55,2019-01-30 16:42:48,00:02:18,39.23579,0.7015703,701.92,41.0164934,-76.43822063,41.02225616454607,-76.43182653113327
56,2019-01-30 16:42:49,00:02:19,37.692307,0.71199405,701.92,41.01660168,-76.43808157,41.022364624338636,-76.43168741846105
57,2019-01-30 16:42:50,00:02:20,35.768543,0.73197854,705.2,41.01682582,-76.43783944,41.0225891130797,-76.43144519410586
58,2019-01-30 16:42:51,00:02:21,34.963245,0.7417625,705.2,41.01695056,-76.43775045,41.02271399820221,-76.43135617906229
59,2019-01-30 16:42:53,00:02:23,34.672447,0.75155306,705.2,41.01707884,-76.43767042,41.02284241613905,-76.43127613029863
60,2019-01-30 16:42:54,00:02:24,35.231678,0.76129144,705.2,41.017207,-76.43759241,41.02297071539175,-76.43119810172664
61,2019-01-30 16:42:55,00:02:25,35.790913,0.771453,705.2,41.01734233,-76.43751576,41.023106188042846,-76.43112143549416
62,2019-01-30 16:42:56,00:02:26,36.61858,0.78182447,705.2,41.0174807,-76.43743829,41.02324470668922,-76.43104394848974
63,2019-01-30 16:42:57,00:02:27,40.510838,0.7931082,708.48,41.01762925,-76.43734805,41.02339343269897,-76.43095368265537
64,2019-01-30 16:42:58,00:02:28,39.21342,0.8037343,711.76,41.01776716,-76.4372576,41.023531522583575,-76.4308632009695
65,2019-01-30 16:42:59,00:02:29,37.938366,0.81404877,711.76,41.01789607,-76.43715771,41.0236606330266,-76.4307632650266
66,2019-01-30 16:43:00,00:02:30,39.50422,0.8254416,711.76,41.01803916,-76.43704897,41.02380394928636,-76.43065447311237
67,2019-01-30 16:43:01,00:02:31,37.82652,0.8356939,711.76,41.01815773,-76.43693077,41.02392276651677,-76.43053619895994
68,2019-01-30 16:43:02,00:02:32,36.61858,0.8458119,715.04,41.01827401,-76.43681284,41.02403930173351,-76.43041819016713
69,2019-01-30 16:43:03,00:02:33,37.110703,0.85606444,715.04,41.01839029,-76.43669073,41.0241558545489,-76.43029599269958
70,2019-01-30 16:43:04,00:02:34,36.909378,0.8768414,718.32,41.01862461,-76.43644109,41.02439076126163,-76.43004615892376
71,2019-01-30 16:43:05,00:02:35,37.110703,0.8872811,718.32,41.01874537,-76.43632077,41.024511819965014,-76.42992574221293
72,2019-01-30 16:43:07,00:02:37,36.12645,0.8974019,721.6,41.0188552,-76.43619243,41.024621974593,-76.42979728657049
73,2019-01-30 16:43:08,00:02:38,36.954117,0.9077655,724.88,41.01897526,-76.4360733,41.024742349312525,-76.42967805243346
74,2019-01-30 16:43:09,00:02:39,36.708054,0.9176736,724.88,41.01908628,-76.43595308,41.02485369380398,-76.42955771890298
75,2019-01-30 16:43:10,00:02:40,37.37913,0.928039,718.32,41.01921191,-76.43584436,41.02497963093198,-76.42944890344374
76,2019-01-30 16:43:11,00:02:41,37.356766,0.9383262,718.32,41.01933084,-76.43572568,41.02509890065925,-76.4293301076164
77,2019-01-30 16:43:12,00:02:42,37.602825,0.9489213,718.32,41.01945351,-76.43560376,41.02522192910394,-76.42920806464706
78,2019-01-30 16:43:13,00:02:43,37.289658,0.9593742,718.32,41.01956826,-76.4354732,41.02533706946605,-76.42907736083941
79,2019-01-30 16:43:14,00:02:44,36.685684,0.9692092,718.32,41.01966814,-76.43533896,41.025437357655036,-76.42894295956927
80,2019-01-30 16:43:15,00:02:45,36.260666,0.97874016,718.32,41.01975394,-76.43519605,41.02552359956385,-76.42879986253217
81,2019-01-30 16:43:16,00:02:46,35.74617,0.9885478,715.04,41.01985622,-76.43506575,41.025626299328614,-76.42866939746256
82,2019-01-30 16:43:17,00:02:47,36.685684,1.0083655,711.76,41.02003929,-76.43477359,41.02581033734932,-76.42837682721718
83,2019-01-30 16:43:20,00:02:50,36.283035,1.027744,715.04,41.02022771,-76.43450015,41.0259997151371,-76.42810298748951
84,2019-01-30 16:43:22,00:02:52,35.321156,1.0466955,718.32,41.02041131,-76.43423126,41.02618430127108,-76.42783368144939
85,2019-01-30 16:43:23,00:02:53,34.672447,1.0562805,718.32,41.02050142,-76.43409169,41.02627493920355,-76.42769388434151
86,2019-01-30 16:43:24,00:02:54,33.732933,1.0658536,718.32,41.02059462,-76.43395601,41.026368665233726,-76.42755798062011
87,2019-01-30 16:43:25,00:02:55,34.91851,1.0755491,718.32,41.02069343,-76.43382412,41.02646799945195,-76.42742587187882
88,2019-01-30 16:43:26,00:02:56,36.12645,1.0865,718.32,41.02080347,-76.43367314,41.02657865171957,-76.42727463360683
89,2019-01-30 16:43:28,00:02:58,31.339418,1.1026642,715.04,41.02096786,-76.43345284,41.02674396090113,-76.42705394652286
90,2019-01-30 16:43:30,00:03:00,31.160463,1.1279192,708.48,41.02121772,-76.43309975,41.02699535149842,-76.42670019924657
91,2019-01-30 16:43:33,00:03:03,31.138094,1.1447656,701.92,41.02139128,-76.43287309,41.027169937069864,-76.42647310474419
92,2019-01-30 16:43:35,00:03:05,31.294678,1.1620767,698.64,41.02157053,-76.43264137,41.02735026779696,-76.42624092605652
93,2019-01-30 16:43:37,00:03:07,32.189453,1.1796836,698.64,41.02174535,-76.43239602,41.027526262644706,-76.42599506545935
94,2019-01-30 16:43:39,00:03:09,29.907782,1.1963712,695.36,41.02191122,-76.43216366,41.02769327813245,-76.4257622059062
95,2019-01-30 16:43:41,00:03:11,29.28144,1.2203914,692.08,41.02215197,-76.43183173,41.02793572053514,-76.42542953729016
96,2019-01-30 16:43:44,00:03:14,29.124857,1.2364488,688.8,41.02231585,-76.43161365,41.028100749137984,-76.42521095798796
97,2019-01-30 16:43:46,00:03:16,28.543253,1.2523243,685.52,41.02247644,-76.43139613,41.0282625114328,-76.42499292491087
98,2019-01-30 16:43:48,00:03:18,27.29057,1.2677329,682.24,41.02263584,-76.43118966,41.028423051551705,-76.4247859594815
99,2019-01-30 16:43:50,00:03:20,26.082626,1.2824678,682.24,41.02278578,-76.43098892,41.02857412198371,-76.4245847234783
100,2019-01-30 16:43:52,00:03:22,21.161377,1.2947106,678.96,41.02291216,-76.43082452,41.02870144603163,-76.42441991095328
101,2019-01-30 16:43:54,00:03:24,14.80849,1.3083833,675.68,41.02304871,-76.43063497,41.028839100728106,-76.42422987066396
102,2019-01-30 16:43:58,00:03:28,14.383472,1.3207088,672.4,41.02317044,-76.4304624,41.02896185330176,-76.42405684407149
103,2019-01-30 16:44:01,00:03:31,14.875599,1.3327365,672.4,41.02329262,-76.43029849,41.02908502213095,-76.42389249662874
104,2019-01-30 16:44:04,00:03:34,11.632047,1.3432802,669.12,41.02340035,-76.43015653,41.0291936213159,-76.42375015295285
105,2019-01-30 16:44:08,00:03:38,8.701666,1.3532821,665.83997,41.02350734,-76.43002766,41.02930141305295,-76.42362093543504
106,2019-01-30 16:44:12,00:03:42,11.5202,1.3649043,662.56,41.02362347,-76.42986663,41.02941855220234,-76.42345945430222
107,2019-01-30 16:44:15,00:03:45,12.705773,1.3755282,659.27997,41.02373525,-76.4297278,41.02953121752633,-76.42332023681372
108,2019-01-30 16:44:17,00:03:47,15.7703705,1.3849626,659.27997,41.02382888,-76.42959626,41.02962569215583,-76.4231883173946
109,2019-01-30 16:44:19,00:03:49,17.694132,1.3991284,662.56,41.02397667,-76.42940817,41.02977471093874,-76.42299968534651
110,2019-01-30 16:44:22,00:03:52,16.844099,1.4084934,659.27997,41.0240739,-76.42928318,41.029872767859544,-76.42287432934923
111,2019-01-30 16:44:25,00:03:55,13.309745,1.4207699,656.0,41.02420207,-76.42912033,41.03000202849408,-76.4227109972349
112,2019-01-30 16:44:28,00:03:58,12.728143,1.4312351,652.72,41.02430903,-76.42897991,41.03010993923401,-76.42257015369456
113,2019-01-30 16:44:31,00:04:01,11.6767845,1.4437402,646.16,41.02443581,-76.42880912,41.03023788875894,-76.42239883947451
114,2019-01-30 16:44:37,00:04:07,5.4357452,1.453327,639.6,41.02454,-76.42868862,41.03034291832066,-76.42227797443195
115,2019-01-30 16:44:44,00:04:14,10.088564,1.4646378,636.32,41.02464227,-76.42851953,41.0304463644183,-76.4221083377098
116,2019-01-30 16:44:47,00:04:17,11.363615,1.4751806,626.48,41.02474407,-76.42836912,41.03054922694572,-76.42195744199633
117,2019-01-30 16:44:50,00:04:20,12.7728815,1.487124,623.2,41.02487076,-76.42821367,41.0306770349954,-76.4218014977668
118,2019-01-30 16:44:53,00:04:23,12.459712,1.497304,619.92,41.02497757,-76.42807934,41.03078482042572,-76.42166673402457
119,2019-01-30 16:45:09,00:04:39,5.994978,1.5072037,629.76,41.02509392,-76.42798763,41.03090185704256,-76.42157475383183
120,2019-01-30 16:45:12,00:04:42,11.385983,1.5179765,626.48,41.0251291,-76.42779482,41.03093842108966,-76.42138123097773
121,2019-01-30 16:45:16,00:04:46,16.17302,1.5303489,629.76,41.0250494,-76.42758648,41.03086019626984,-76.42117203191428
122,2019-01-30 16:45:19,00:04:49,20.848206,1.5452936,623.2,41.0249478,-76.42733443,41.03076040829838,-76.42091892395308
123,2019-01-30 16:45:21,00:04:51,22.212736,1.5582025,623.2,41.02484998,-76.42712388,41.03066412175115,-76.42070746908789
124,2019-01-30 16:45:23,00:04:53,21.854826,1.5704412,623.2,41.02475785,-76.42692394,41.03057346850326,-76.42050665980247
125,2019-01-30 16:45:25,00:04:55,21.787718,1.582869,619.92,41.0246805,-76.42670931,41.0304977329925,-76.42029109921903
126,2019-01-30 16:45:26,00:04:56,22.525906,1.5953847,619.92,41.02459915,-76.42649526,41.030418013911635,-76.42007610678172
127,2019-01-30 16:45:29,00:04:59,23.689112,1.6086068,616.64,41.02451329,-76.42626915,41.03033390064504,-76.4198489887846
128,2019-01-30 16:45:31,00:05:01,25.098377,1.6226974,613.36,41.02441783,-76.42603083,41.030240306328665,-76.4196095894406
129,2019-01-30 16:45:33,00:05:03,23.465418,1.6354233,610.08,41.02433184,-76.42581544,41.03015602560522,-76.4193932121319
130,2019-01-30 16:45:35,00:05:05,25.791826,1.6501026,610.08,41.02423092,-76.42556823,41.03005709327231,-76.41914485369028
131,2019-01-30 16:45:37,00:05:07,29.95252,1.6740837,603.52,41.02406812,-76.42516356,41.02989760835474,-76.41873827373058
132,2019-01-30 16:45:40,00:05:10,33.621086,1.6921599,596.96,41.02395559,-76.42485123,41.02978769190853,-76.41842445137635
133,2019-01-30 16:45:41,00:05:11,34.046104,1.7020338,593.68,41.02388485,-76.424687,41.029718339756016,-76.41825942043967
134,2019-01-30 16:45:42,00:05:12,35.321156,1.7124088,590.4,41.02382133,-76.42450706,41.029656358581974,-76.41807860440498
135,2019-01-30 16:45:43,00:05:13,36.61858,1.7225062,590.4,41.02376032,-76.42433144,41.029596864369125,-76.41790212289243
136,2019-01-30 16:45:44,00:05:14,37.200176,1.7330259,590.4,41.02369649,-76.42414864,41.02953462613071,-76.41771841856952
137,2019-01-30 16:45:45,00:05:15,37.78178,1.7431508,587.12,41.02364063,-76.42396949,41.02948034210443,-76.41753837912634
138,2019-01-30 16:45:46,00:05:16,38.810772,1.7540346,583.83997,41.02357217,-76.42378187,41.02941354387153,-76.41734981398682
139,2019-01-30 16:45:47,00:05:17,39.437107,1.7650774,583.83997,41.02350585,-76.42358957,41.029348943580594,-76.41715653962575
140,2019-01-30 16:45:48,00:05:18,40.085823,1.7764218,583.83997,41.02343928,-76.42339109,41.029284165156355,-76.41695704670745
141,2019-01-30 16:45:49,00:05:19,40.57794,1.7877775,580.56,41.02336951,-76.42319429,41.02921618621622,-76.41675923181607
142,2019-01-30 16:45:50,00:05:20,40.466103,1.7991048,580.56,41.02330184,-76.42299682,41.029150329794476,-76.41656073667274
143,2019-01-30 16:45:51,00:05:21,40.37662,1.810375,580.56,41.02323452,-76.42280034,41.02908482967072,-76.41636322863077
144,2019-01-30 16:45:52,00:05:22,38.609447,1.8315995,577.27997,41.02310535,-76.42243176,41.02895911342236,-76.41599269714114
145,2019-01-30 16:45:53,00:05:23,37.89363,1.842287,570.72,41.02303874,-76.42224714,41.028894252437034,-76.41580708828903
146,2019-01-30 16:45:55,00:05:25,37.78178,1.8527163,570.72,41.02297735,-76.42206478,41.028834604072706,-76.41562374751572
147,2019-01-30 16:45:56,00:05:26,36.059345,1.8626297,567.44,41.02291804,-76.42189201,41.02877695521438,-76.41545004167375
148,2019-01-30 16:45:57,00:05:27,36.439625,1.8727378,567.44,41.0228633,-76.42171261,41.02872395386047,-76.41526966779858
149,2019-01-30 16:45:58,00:05:28,37.55809,1.8833916,567.44,41.02279879,-76.4215274,41.02866124862199,-76.41508344135097
150,2019-01-30 16:45:59,00:05:29,37.490982,1.8936857,567.44,41.02274178,-76.42134538,41.02860602625326,-76.41490041982401
151,2019-01-30 16:46:00,00:05:30,37.84889,1.9044025,567.44,41.02267497,-76.42116026,41.028541043649746,-76.41471426991731
152,2019-01-30 16:46:01,00:05:31,37.82652,1.9148345,567.44,41.02261053,-76.42097969,41.02847839788077,-76.41453268975836
153,2019-01-30 16:46:02,00:05:32,37.110703,1.925526,564.16,41.0225442,-76.42079481,41.028413916455,-76.41434676925965
154,2019-01-30 16:46:03,00:05:33,36.46199,1.9357783,564.16,41.02247867,-76.42061875,41.028350156902796,-76.41416971148585
155,2019-01-30 16:46:04,00:05:34,36.21593,1.9458747,564.16,41.02240567,-76.42045132,41.02827884698387,-76.41400132167323
156,2019-01-30 16:46:05,00:05:35,34.91851,1.9555504,564.16,41.02233684,-76.42029002,41.02821165440226,-76.41383909337742
157,2019-01-30 16:46:07,00:05:37,32.50262,1.9738084,570.72,41.0221973,-76.41999339,41.028075143834926,-76.41354073786681
158,2019-01-30 16:46:08,00:05:38,24.472036,1.9881488,574.0,41.02207752,-76.41976916,41.027957668306435,-76.41331518632838
159,2019-01-30 16:46:11,00:05:41,18.365211,1.998779,570.72,41.02197798,-76.419614,41.02785972732774,-76.41315909827645
160,2019-01-30 16:46:14,00:05:44,12.3702345,2.0092485,567.44,41.02186988,-76.4194735,41.02775307656106,-76.41301774518102
161,2019-01-30 16:46:23,00:05:53,9.931978,2.0197446,564.16,41.02176728,-76.41933365,41.027651926623314,-76.41287704601719
162,2019-01-30 16:46:27,00:05:57,13.936087,2.0316045,567.44,41.02171075,-76.41912032,41.027597648460834,-76.41266246857309
163,2019-01-30 16:46:29,00:05:59,19.662632,2.043229,564.16,41.02171358,-76.41889799,41.02760285689589,-76.41243886393606
164,2019-01-30 16:46:31,00:06:01,23.979912,2.05626,567.44,41.02170217,-76.41864911,41.0275941217286,-76.4121885404468
165,2019-01-30 16:46:33,00:06:03,25.143114,2.0700233,577.27997,41.02169023,-76.41838628,41.02758502498724,-76.41192417619096
166,2019-01-30 16:46:35,00:06:05,29.840673,2.087584,574.0,41.02166413,-76.41805221,41.02756256235359,-76.41158813602557
167,2019-01-30 16:46:37,00:06:07,31.518372,2.104981,570.72,41.02163348,-76.4177218,41.02753553672086,-76.41125575975573
168,2019-01-30 16:46:38,00:06:08,32.48025,2.1233354,574.0,41.021619,-76.41737112,41.027524938028265,-76.41090298660005
169,2019-01-30 16:46:40,00:06:10,32.547363,2.132945,574.0,41.02159702,-76.41718955,41.02750497504509,-76.41072031901273
170,2019-01-30 16:46:42,00:06:12,33.017117,2.1509893,574.0,41.02155852,-76.41684809,41.02747028952692,-76.41037678544278
171,2019-01-30 16:46:43,00:06:13,33.53161,2.1606698,564.16,41.02154549,-76.41666366,41.02745933276883,-76.410191233784
172,2019-01-30 16:46:44,00:06:14,33.82241,2.1704173,560.88,41.02152917,-76.4164784,41.02744510178401,-76.41000484143903
173,2019-01-30 16:46:46,00:06:16,34.73955,2.1896605,560.88,41.02149031,-76.41611454,41.027410363501644,-76.40963874281121
174,2019-01-30 16:46:48,00:06:18,36.48436,2.209742,560.88,41.02142646,-76.41573994,41.02735077755949,-76.40926181107086
175,2019-01-30 16:46:49,00:06:19,36.797535,2.2199414,560.88,41.02138913,-76.41555111,41.02731560559188,-76.40907179770167
176,2019-01-30 16:46:50,00:06:20,37.289658,2.2303927,560.88,41.02134934,-76.41535816,41.027278026905414,-76.40887763416082
177,2019-01-30 16:46:51,00:06:21,37.42387,2.240551,557.6,41.02130313,-76.41517361,41.027233935784274,-76.40869191605188
178,2019-01-30 16:46:53,00:06:23,36.61858,2.261343,557.6,41.02122505,-76.41478936,41.02716029071958,-76.40830523376866
179,2019-01-30 16:46:54,00:06:24,36.10408,2.2714496,557.6,41.02118422,-76.41460365,41.027121611696444,-76.40811834225374
180,2019-01-30 16:46:55,00:06:25,35.09746,2.2809863,557.6,41.02114756,-76.41442771,41.02708699486423,-76.40794128142655
181,2019-01-30 16:46:56,00:06:26,33.66583,2.2904828,560.88,41.02111094,-76.41425255,41.02705241340057,-76.40776500317811
182,2019-01-30 16:46:58,00:06:28,32.189453,2.3082263,557.6,41.02105633,-76.41392084,41.02700167945717,-76.40743117690249
183,2019-01-30 16:47:00,00:06:30,31.272306,2.3257208,557.6,41.02103881,-76.41358713,41.02698808324214,-76.40709534921756
184,2019-01-30 16:47:02,00:06:32,30.9144,2.3433707,560.88,41.02108646,-76.41325655,41.027039650687954,-76.40676269733677
185,2019-01-30 16:47:04,00:06:34,25.724718,2.3669052,567.44,41.02117774,-76.41282311,41.02713609241202,-76.4063265462204
186,2019-01-30 16:47:07,00:06:37,20.132387,2.378791,567.44,41.02121743,-76.4126018,41.02717842295695,-76.4061038448466
187,2019-01-30 16:47:11,00:06:41,12.48208,2.3946028,570.72,41.02130743,-76.41232383,41.02727175651789,-76.40582414483907
188,2019-01-30 16:47:15,00:06:45,10.446473,2.406409,577.27997,41.02147367,-76.41233796,41.02743787439987,-76.40583845143355
189,2019-01-30 16:47:18,00:06:48,15.79274,2.420339,577.27997,41.02165671,-76.41243616,41.02761979646849,-76.40593737547158
190,2019-01-30 16:47:21,00:06:51,18.253365,2.4399402,570.72,41.02190734,-76.41259976,41.0278685515785,-76.4061021543941
191,2019-01-30 16:47:24,00:06:54,19.796848,2.4503253,577.27997,41.02202474,-76.41272407,41.02798450801035,-76.40622732120754
192,2019-01-30 16:47:26,00:06:56,18.834969,2.460383,574.0,41.02214765,-76.41282716,41.02810622962978,-76.40633113561613
193,2019-01-30 16:47:28,00:06:58,21.317963,2.473607,577.27997,41.02226791,-76.41302023,41.02822423478206,-76.4065255014041
194,2019-01-30 16:47:30,00:07:00,21.742981,2.486465,587.12,41.02237099,-76.41322518,41.02832491819778,-76.40673181166464
195,2019-01-30 16:47:32,00:07:02,21.832458,2.4983857,580.56,41.022461,-76.41341974,41.02841265504245,-76.4069276567495
196,2019-01-30 16:47:34,00:07:04,21.004793,2.5114355,583.83997,41.02254139,-76.41364556,41.028490404897646,-76.40715495225412
197,2019-01-30 16:47:35,00:07:05,21.38507,2.5228696,587.12,41.02260477,-76.41384771,41.028551424127215,-76.40735841568791
198,2019-01-30 16:47:38,00:07:08,18.70075,2.532764,587.12,41.02261214,-76.41403673,41.02855657561294,-76.40754863200333
199,2019-01-30 16:47:40,00:07:10,16.732252,2.5421312,590.4,41.02264268,-76.41421092,41.02858508253565,-76.40772393569964
200,2019-01-30 16:47:43,00:07:13,12.280756,2.5532057,587.12,41.02263807,-76.41442259,41.02857799493867,-76.40793693233603
201,2019-01-30 16:48:08,00:07:38,3.1093354,2.5687704,596.96,41.02269354,-76.41459854,41.02863142841202,-76.40811401619155
202,2019-01-30 16:48:21,00:07:51,3.0198584,2.5785182,583.83997,41.02282819,-76.41463749,41.02876566576497,-76.40815328695082
203,2019-01-30 16:48:37,00:08:07,2.8185344,2.592285,587.12,41.0229408,-76.41475478,41.028876945005536,-76.40827137499777
204,2019-01-30 16:48:47,00:08:17,2.8185344,2.6022482,593.68,41.02294666,-76.41494226,41.02888062847084,-76.40846002775366
205,2019-01-30 16:48:58,00:08:28,2.9527502,2.613539,590.4,41.02297505,-76.41514911,41.02890663043272,-76.40866818087196
206,2019-01-30 16:49:07,00:08:37,3.0869663,2.6237473,587.12,41.02304446,-76.41530653,41.0289742427543,-76.40882661787985
207,2019-01-30 16:49:20,00:08:50,3.0198584,2.638265,583.83997,41.02308249,-76.41548519,41.029010225033865,-76.40900640569582
208,2019-01-30 16:49:32,00:09:02,3.0645967,2.6518936,583.83997,41.02317961,-76.41565002,41.029105480392985,-76.40917230997773
209,2019-01-30 16:49:43,00:09:13,3.0422275,2.6625876,580.56,41.02331888,-76.41571784,41.02924401614674,-76.4092406300839
210,2019-01-30 16:49:53,00:09:23,2.997489,2.6729865,587.12,41.02346398,-76.41573084,41.02938901339433,-76.40925379662434
211,2019-01-30 16:50:02,00:09:32,2.9527502,2.6833668,587.12,41.02351582,-76.41555064,41.02944293953582,-76.409072516809
212,2019-01-30 16:50:14,00:09:44,0.0,2.6857102,587.12,41.02385012,-76.41573975,41.02977517657632,-76.40926299543665
